{
  "project_info": {
    "project_number": "12372904825",
    "project_id": "mightydelivery-10da9",
    "storage_bucket": "mightydelivery-10da9.appspot.com"
  },
  "client": [
    {
      "client_info": {
        "mobilesdk_app_id": "1:12372904825:android:855f0fd5c9191baa22fda8",
        "android_client_info": {
          "package_name": "com.mighty.delivery"
        }
      },
      "oauth_client": [
        {
          "client_id": "12372904825-9hhe4k1ibj5s81kbusbvq2qojor9bckc.apps.googleusercontent.com",
          "client_type": 1,
          "android_info": {
            "package_name": "com.mighty.delivery",
            "certificate_hash": "09048387993d6fcf5a2158081df69ec6bcbfffb3"
          }
        },
        {
          "client_id": "12372904825-lv10logifgcqto6bvck34ksj3lbhhcto.apps.googleusercontent.com",
          "client_type": 1,
          "android_info": {
            "package_name": "com.mighty.delivery",
            "certificate_hash": "30566dafa11747a2745f8b29b8030bc8d5338c71"
          }
        },
        {
          "client_id": "12372904825-mj9ulukg9bv9ljbk9si6vma67gdt4qer.apps.googleusercontent.com",
          "client_type": 1,
          "android_info": {
            "package_name": "com.mighty.delivery",
            "certificate_hash": "6d89239b4cc5d39c4a8dfc7f7e7f7ffe48d692a5"
          }
        },
        {
          "client_id": "12372904825-om58b18fl6cf223mld4d3q0fcspmfp3d.apps.googleusercontent.com",
          "client_type": 1,
          "android_info": {
            "package_name": "com.mighty.delivery",
            "certificate_hash": "1dffb63a443ffa87cc72ad6406a9f1610f311594"
          }
        },
        {
          "client_id": "12372904825-stb2390vj20d6oh6bl5vdt5oas5ve68a.apps.googleusercontent.com",
          "client_type": 1,
          "android_info": {
            "package_name": "com.mighty.delivery",
            "certificate_hash": "fed3c7f28552efe82cf87900eb3ad0560671c678"
          }
        },
        {
          "client_id": "12372904825-7mce2hl1utvp0rougilvne363durtm3o.apps.googleusercontent.com",
          "client_type": 3
        }
      ],
      "api_key": [
        {
          "current_key": "AIzaSyD63jDs8zx_kV-bfwddX6th3bH1CMj-gEk"
        }
      ],
      "services": {
        "appinvite_service": {
          "other_platform_oauth_client": [
            {
              "client_id": "12372904825-5nbjdfe0d33v71fv537hbsh0ogfgtj0e.apps.googleusercontent.com",
              "client_type": 3
            },
            {
              "client_id": "12372904825-56ffelkeqmcgjsd5c441vto76hduigc0.apps.googleusercontent.com",
              "client_type": 2,
              "ios_info": {
                "bundle_id": "com.mighty.delivery1"
              }
            }
          ]
        }
      }
    }
  ],
  "configuration_version": "1"
}